Asc	Asp	Cr	GABA	GPC	GSH	Gln	Glu	mI	Lac	NAA	NAAG	PCh	PCr	PE	sI	Tau	CrCH2	PCh_GPC	Cr_PCr	NAA_NAAG	Glu_Gln	Lip13a	Lip13b	Lip09	MM09	Lip20	MM20	MM12	MM14	MM17
0	4.24014627084868	4.33077535144698	1.33273299772668	1.08512140252063	1.25262336398354	3.32657277088911	14.3695644041471	8.20516854702398	0.366562263491308	11.3448188391791	1.42659883120348	1.20488125902551	4.50232325400803	3.06439578772976	0.14565387953297	2.34502746048082	0	2.29000266154614	8.833098605455	12.7714176703826	17.6969463632559	7.22038648373718	0	1.37723834980619	8.82015159394096	1.00177501589898	14.9966852743585	3.06358659951014	5.89250861532827	3.30067874786103
0	4.7183765086486	2.51495698660262	1.12153487240387	2.44941274081278	2.30214048484055	2.01245110221387	14.3048293465769	7.47932671401801	0	11.9695121447316	0.619028988015123	0	7.43724892659738	2.46155056410719	0.211198125322807	0.500887507949491	2.66789356011223	2.44941274081278	9.95139672498037	12.5885411327467	16.3172804487908	6.27768220787101	0	1.22268339985732	9.0701907538059	1.44844691313342	12.6476118727796	4.02004707510997	7.3061604350177	3.83959810213302
1.34487082102109	4.49584974825101	5.48386856441632	0.801096337431335	1.59490998088602	1.99464896138206	3.0919081871971	14.2449494183245	8.41474829590753	0.632785187748792	11.6903422089601	1.03899767400185	1.01876796851116	4.60913609899887	2.14758553489168	0.238710524790145	0	0	2.61367794939719	10.0930046634152	12.729339882962	17.3368576055216	1.88459936351271	0	0.236282960131262	10.3252416824483	0.419159497767103	14.1300446911373	4.14628043737188	7.48580021977503	3.29582361854326
0.869877336099682	4.34776830405916	5.34306981420112	0.406212486253061	1.79316109469479	2.39843388297624	2.61448713761681	15.3648659142891	8.69068147880055	0.357661193075404	11.58191098753	0.809188219627611	1.05437225017478	3.97877847590897	0	0.0174784655439564	0.678908916267566	0	2.84753334486956	9.32184829011008	12.3910992071576	17.9793530519059	10.5752808423133	0	2.93897161368749	5.46525723536489	1.73328116644234	10.6982774516967	1.52936573509619	5.27267043909352	3.18981996177204
0	3.85497267830594	4.98702699756497	1.2162098941003	1.23482122315174	1.66854610887213	3.26021933687965	14.0458891162961	8.51751519980024	0.818898478263143	11.5722007288945	1.45896635998858	1.47919606547927	4.4926129953725	0	0.199060302028392	0.911955123520318	0	2.71401728863101	9.47963999293747	13.0311670888831	17.3061084531757	2.29485779086391	0	0	9.40681305317098	0.681336480926449	14.5734798354933	4.8972071051863	8.40099209617386	4.69652842671866
0.335813111145459	4.66173333327467	5.05176205513518	0.812424972506122	1.57548946361496	1.36833727939029	2.90741327312201	14.4472464732314	7.97616828086936	0.958078852039092	12.3182722673911	0.805951466749101	1.04061605044111	5.27347962731314	1.61109374527857	0.350378499098756	1.69767688477873	0	2.61610551405607	10.3252416824483	13.1242237341402	17.3546597463534	7.34500146955983	0	0.862594642123034	7.76173340266805	1.28256332810976	11.3351085805436	3.53696170799229	6.34969995941787	4.00952762825481
0.123805797603025	3.40587321641262	4.95223190412098	1.21378232944142	0.679718104487194	1.32383192731077	3.38078838160416	14.3056385347965	9.11226854122653	0.59637171786555	12.1378232944142	1.10696948445057	1.95742630327919	4.94656758658359	0	0.326912040729555	2.46397812876608	0	2.63714440776639	9.89879949070457	13.2447927788647	17.6864269164007	2.866144673921	0	0.28807100618743	8.73599601909969	0.50817020192614	14.7773952668394	3.01665368277174	8.65184044425842	4.06212486253061
0.307491523458492	4.09206482665683	5.05985393733145	0.572096071276721	0.825371984020164	1.38290266734359	3.17039944450098	14.0491258691746	9.24497540924546	0.602036035402943	12.1637173174423	0.761446114669582	1.6734012381899	4.55249292362494	2.48987215179416	0.288880194407057	2.41623602380805	0	2.49796403399044	9.61234686095639	12.9243542438922	17.2187161254559	0.109240409649728	0	0	11.3804231208427	0.036575307527168	16.1700081928186	4.70542949713456	8.7068652431931	4.43192387890043
0.415922744888592	3.80318463224977	4.36152450379283	0.811615784286494	0.651396516800227	2.06423914827004	3.04821202333721	14.0394156105391	8.51589682336098	0.253275912743442	12.2818587975079	1.0988776022543	1.86436965802202	5.62952244394929	3.40425483997336	0.0568050130178583	0.593134964987039	0	2.51657536304187	9.99104694774212	13.3807363997622	17.0876276338763	11.7073351615723	0	3.22704261987491	5.38919354271989	1.9606630561577	10.2297574725323	1.50266252384847	4.53469078279313	2.96648401315482
0.285643441528547	3.81451326732456	2.7811799108601	0.661106775435759	1.60542942774118	1.81824592950324	2.43565654107911	12.8838948329108	7.62093465245284	0	11.4524408723896	1.14661970721233	0.636021940627303	7.47528077291987	3.66724101135233	0.0568859318398211	0	2.1305925822795	2.24064218014886	10.25646068378	12.5990605796019	15.3195513739899	21.857792188581	0	6.01874197759017	3.48921960303426	4.26280354099826	6.49049870963307	0.956460475599837	4.143852872713	3.28125823058996
1.74056386041899	3.85173592542743	5.78488658211779	1.06165494415143	2.09579748883551	1.80044378867144	3.07248766992604	13.9576876003567	8.45116176579077	0	11.5770558582122	1.1223440606235	0.712085633272298	4.1818847190355	0	0.0154554949948874	2.13382933515801	0	2.80707393388818	9.96677130115329	12.7002091070554	17.0301752702827	4.06697999184837	0	0.521117213440182	9.77742125776043	0.763064491108838	14.5055080250446	4.29193431690485	6.77695133938124	4.66820683903169
0.356042816636149	3.34761166459943	5.01211183237342	0.526781530977575	1.11910730774499	1.59490998088602	3.49812067345016	14.4901334488716	8.68258959660427	0.518689648781299	11.9031587107222	0.869877336099682	1.25747849330131	4.69976517959717	2.75285832317313	0	0	0	2.37658580104629	9.71187701197059	12.7730360468218	17.9890633105414	9.84458387998952	0	2.9219786610753	4.49180380715287	1.56820676963831	8.39775534329535	1.38775779666135	4.28950675224597	2.13302014693838
0.516262084122416	4.0354216512829	5.21117213440182	0.993683133702707	0.954032910940954	1.68149312038618	3.1679718798421	12.4323678063586	8.46410877730482	0.402166545154923	12.2600107155779	1.18465155353482	1.71466983739091	4.47966598385846	0	0.059637171786555	2.02377973728866	0	2.66870274833186	9.69083811826028	13.4446622691128	15.6003396862007	11.4629603192447	0	3.13641353927662	4.99026375044348	1.85708696404537	9.45374596990938	1.56173326388129	3.91080666546025	2.90903164956126
1.19031587107222	4.81709747144317	5.49762476414999	2.61044119651867	1.9606630561577	2.01406947865312	4.1762204014981	15.2807103394478	7.44938674989179	0	11.1036807497301	1.26880712837609	0.483894555337312	3.86387374872184	3.27883066593108	0	0.519498837000926	0.366562263491308	2.44455761149501	9.36149851287183	12.3724878781062	19.4569307409459	7.75283233225214	0	1.78183245962	10.2087185788219	1.23805797603025	16.1263120289587	3.57175680143628	8.45278014223003	3.8274602788386
1.39989561995577	4.143852872713	5.19175161713075	1.37966591446508	1.71628821383016	1.61109374527857	3.06601416416902	13.3054818953368	8.54745516392646	0.67081703407129	12.5974422031627	0.710467256833043	1.13771863679642	4.51203351264356	0	0.306682335238865	1.50185333562885	0	2.85481603884621	9.70378512977432	13.3071002717761	16.3714960595058	4.82518935363945	0	0.690237551342353	8.84199967587091	0.911955123520318	14.3420520046798	3.50944930852495	7.24789888320451	4.23043601221315
0.610127917599219	3.27963985415071	5.42237025972462	0.956460475599837	0.738788844520009	1.68877581436283	2.9656748249352	13.591934525085	9.21422625689961	0.445862709014814	12.2389718218676	1.02362309782893	1.7907335300359	4.41250336162936	2.77956153442085	0.25084834808456	0	0	2.52952237455591	9.83487362135399	13.2625949196966	16.5576093500202	4.07588106226428	0	0.722605080127457	8.29013331008488	0.725841833005967	12.2227880574751	3.04902121155684	6.83440370297481	3.95288445288088
0.198251113808765	4.88426009367226	4.63260255736807	0.41996868598673	0.95888804025872	1.55283219346539	3.34761166459943	14.6228403168906	8.39451859041684	0.38274602788386	11.5600629056001	1.00420258055787	1.64184289762442	5.41751513040686	2.73910212343946	0.704802939295649	0.223335948617221	0	2.60073093788314	10.0493084995553	12.5642654861579	17.9712611697096	9.98781019486361	0	2.86857223857988	5.24839479250469	1.71709740204979	10.0557820053123	1.75108330727415	4.53630915923239	3.75220577441323
0	3.76434359770765	5.27995313307016	1.04304361509999	1.10939704910946	1.49699820631108	2.59992174966352	14.137327385114	8.21326042922026	0.527590719197203	11.3868966265997	1.20649963546477	1.55283219346539	4.42868712602192	1.24048554068913	0.187731666953606	0.36251632239317	0	2.66222924257484	9.70864025909208	12.5933962620645	16.7380583229971	15.3923783137564	0	4.19402254232991	3.94722013534349	2.57160016197655	9.62691224890969	1.47272255972225	4.55653886472308	3.54667196662782
0.323675287851045	4.378517456405	5.29613689746272	1.21378232944142	1.59571916910565	1.79801622401255	3.46575314466506	16.2468810736832	9.15110957576866	0.284025065089292	12.1240670946805	0.823753607580908	1.24534067000689	4.42706874958266	0	0	0	0	2.84105983911254	9.72320564704538	12.9478207022614	19.7126342183482	15.0525192615128	0	3.97877847590897	5.07441932528475	2.63795359598601	11.3957976970157	1.61028455705895	4.85189256488716	2.89203869694908
0.784103384819155	4.17298364861959	5.11326035982688	2.10550774747104	1.62484994501224	1.69201256724134	4.19483173054954	14.7377450440777	8.42445855454306	0.826181172239791	11.920960851554	0.964552357796113	1.1927434357311	4.8324720476161	0	0.0149699820631108	2.10388937103179	0	2.81840256896297	9.94573240744297	12.8855132093501	18.9333859628469	1.97603763233063	0	0	7.10143581545192	0.65382408145911	12.2478728922835	3.11942058666444	5.87066053339832	3.66238588203457
0.688619174903097	3.66885938779159	5.1901332406915	0.943513464085795	1.39342211419875	1.69848607299836	3.02798231784652	14.828374124676	8.48595685923476	0.474993484921408	11.6757768210068	1.11101542554871	1.20892720012365	4.9352389515088	2.0747585951252	0.19986949024802	0	0	2.6023493143224	10.1253721922003	12.7867922465555	17.8555472543029	5.2985644621216	0	0.917619441057711	9.79441421037261	0.99611069836159	14.2570872416189	4.29598025800299	7.0480293929565	4.39631959723681
0	4.17217446039996	4.95708703343875	0.636021940627303	1.05922737949254	1.899164751466	3.40668240463224	14.4173065091052	9.06857237736664	0.464474038066249	11.8133388183435	0.944322652305422	1.36429133829215	4.80900558924689	3.37269649940788	0.139989561995577	0	0	2.42432790600432	9.76609262268564	12.7584706588685	17.8239889137374	0	1.51156359426438	0.170738714341426	7.96322126935532	0.296162888383706	12.561837921499	2.63309846666825	5.95643448467885	3.08867143431859
1.69039419080208	3.89462290106769	5.15695652368677	0.839128183753833	1.32949624484817	1.38937617310061	2.56108071512139	12.8547640570042	7.87906569451405	0.601226847183315	11.5042289184458	1.4654398657456	0.88767947693149	4.88749684655077	5.28076232128979	0.213625689981689	0	0	2.21798490999928	10.0444533702375	12.9696687841914	15.4158447721256	10.8827723657717	0	2.57645529129431	7.32639014050839	2.02458892550828	11.3585750389128	2.76985127578531	5.85609514544502	3.00856180057546
0	3.7481598333151	5.61576624421562	0.734742903421871	1.29551033962381	1.55364138168501	2.72453673548617	14.0564085631512	8.36053268519248	0.801905525650963	11.9573743214372	0.669198657632035	1.36429133829215	4.42625956136303	2.16700605216274	0.188540855173233	1.0697468263477	0.126233362261907	2.65899248969633	10.0420258055787	12.6265729790692	16.7809452986374	1.88783611639122	0	0	7.84507978928969	0.484703743556939	13.405012046351	2.89770301448648	7.16859843768101	3.65267562339904
0.513025331243906	4.14142530805412	5.66269916095402	0.16588358502366	1.40798750215204	1.74703736617601	3.0360742000428	14.1794051725346	8.53288977597316	0.520308025220554	11.3318718276651	1.20488125902551	1.17736885955817	4.35019586871804	1.4945706416522	0.0326912040729555	0.936230770109146	0.0395693039397902	2.58535636171022	10.0128950296721	12.5375622749102	17.2162885607971	1.94447929176515	0	0	8.54421841104795	0.39973898049604	12.9729055370699	3.17525457381875	6.67984875302593	3.85335430186669
0	4.17783877793736	5.63518676148669	0.626311681991771	1.5034717120681	1.49861658275034	2.74800319385537	14.5823809059092	8.62513723301071	0.368180639930563	12.4833466641952	0.852884383487503	1.23158447027322	4.87454983503673	0.0560767436201935	0.270268865355622	3.04821202333721	0	2.73505618234133	10.5089274083038	13.3362310476827	17.3303840997646	3.12751246886072	0	0	11.6749676327872	0.966979922454996	13.0821459467196	5.70720451303354	9.30971046681567	6.10694349352958
0.160219267486267	3.67290532888973	5.04933449047629	0.580997141692625	0.586661459230018	1.5034717120681	2.8281128275985	13.1921955445889	7.98506935128527	0.52839990741683	11.9509008156802	0.860976265683779	1.72114334314793	4.82518935363945	4.48209354851734	0.206342996005041	0	0	2.30780480237795	9.87452384411574	12.811877081364	16.0203083721874	10.8949101890662	0	3.03121907072503	6.01550522471166	1.90321069256414	10.1844429322331	1.92020364517632	4.45781790192851	2.95515537808004
0.261367794939719	4.50798757154542	5.6707910431503	0.72503264478634	1.53664842907283	1.49133388877369	3.1210389631037	13.9649702943333	8.48757523567402	0.327721228949183	12.1184027771431	1.25909686974056	1.20245369436663	4.42383199670415	0	0.0890107041590373	1.45734798354933	0	2.73910212343946	10.0946230398545	13.376690458664	17.0868184456566	12.9211174910137	0	3.50944930852495	4.24500140016645	2.12897420584025	8.791830006254	1.20407207080589	4.25633003524124	3.77324466812355
0.644113822823579	5.03881504362114	5.93215883809002	0.280788312210781	0.882824347613724	1.71305146095165	3.04173851758019	12.3652051841295	8.68744472592204	0.0353615251977266	11.6547379272965	1.04870793263738	1.81581836484436	4.58405126419042	0	0.07824850083799	1.29470115140418	0	2.69783352423846	10.5162101022804	12.7034458599339	15.4069437017097	29.5491262161415	0	8.00610824499559	2.47530676384086	5.72500665386535	5.68131049000546	0.154554949948874	5.30584715609825	5.14077275929422
0	5.05176205513518	3.16149837408508	0.232237019033124	2.78522585195824	2.26087188563955	3.22623343165529	16.4596975754452	9.3194207254512	0.492795625753215	11.7089535380115	1.1401462014553	0	7.07958773352197	0.0567240941958956	0.294544511944451	0.661106775435759	3.21895073767864	2.78522585195824	10.241086107607	12.8490997394668	19.6867401953202	1.55283219346539	0	0.140798750215204	7.84184303641118	0.326912040729555	15.2507703753216	2.71644485328989	6.56413483761918	2.8135474396452
1.07055601456733	3.59522325980548	5.08817552501842	1.38937617310061	0.865022206781916	1.53341167619432	3.47789096795947	14.3922216742967	8.94314820332436	0.748499103155541	11.547115894086	1.10535110801132	1.86841559912015	4.88102334079375	0	0.193395984490999	1.15147483653009	0	2.73343780590207	9.96919886581217	12.6524670020973	17.8709218304758	1.87812585775569	0	0	9.60425497876012	0.695092680660118	15.2896114098637	4.10339346173162	8.32250083886998	4.20777874206358
0.917619441057711	3.02231800030913	5.58744465652866	0.778439067281762	0.488749684655077	1.05599062661403	2.61853307871495	14.1033414798896	9.68355542428363	0.9993474512401	12.2551555862602	0.920856193936222	2.26653620317694	4.34776830405916	0.0452336214771835	0.305873147019237	2.83215876869664	0	2.75528588783202	9.93521296058781	13.176820968416	16.7218745586046	0.620647364454378	0	0	10.6173586297339	0.113286350747866	14.0620728806886	5.58663546830903	9.17619441057711	4.08963726199795
1.90321069256414	4.25309328236273	5.36329951969181	1.43873665449789	1.82957456457803	1.63213263898889	3.27721228949183	14.1866878665113	9.70864025909208	0.298590453042589	12.2122686106199	0.956460475599837	1.00501176877749	4.91339086957886	0	0.197441925589137	1.41365181968944	0	2.83539552157515	10.2766903892707	13.1687290862197	17.4647093442227	13.1533545100468	0	3.75220577441323	6.01550522471166	2.32479775499013	12.383816513181	1.96551818547547	4.09611076775497	4.16003663710555
1.72842603712458	3.36379542899198	5.28642663882719	1.48081444191853	2.11440881788695	1.70172282587687	3.79994787937126	14.0790658333008	9.34774231313817	0.466092414505504	12.1912297169096	0.848838442389364	0.763873679328465	4.90368061094332	2.12897420584025	0.185304102294723	0.161028455705895	0	2.87747330899579	10.1901072497705	13.040068159299	17.8790137126721	6.1894806919316	0	1.31978598621263	9.57512420285353	0.929757264352126	14.5079355897034	3.23918044316933	7.92680779947208	3.56771086033814
0	4.05646054499322	5.45311941207047	0.560767436201935	0	1.47757768904002	2.85805279172472	13.502923820926	8.13719673657526	0.607700352940336	12.5666930508168	0.985591251506431	2.65090060750006	4.51769783018095	2.27462808537322	0.207152184224669	0.387601157201626	0	2.65090060750006	9.9700080540318	13.5530934905429	16.3609766126507	15.5493608283642	0	4.60832691077925	0.805142278529473	2.50120078686895	5.04528854937816	0	0	0
0.621456552674006	3.64943887052053	5.79864278185146	1.471104183283	1.73085360178346	1.64184289762442	3.15907080942619	14.6487343399187	9.26277755007727	0.39650222761753	11.1999741478658	1.11425217842722	1.01067608631489	3.68908909328228	1.40313237283428	0.154554949948874	1.22915690561434	0	2.74152968809835	9.48692268691411	12.3134171380734	17.8078051493448	7.60960601737806	0	1.95499873862031	6.2509789966233	1.28337251632939	11.899112769624	1.98736626740541	6.19514500946899	3.84930836076855
0.5421561071505	4.37528070352649	5.17880460561671	1.12072568418424	1.15632996584786	1.31169410401636	2.91712353175754	12.8927959033267	8.98927193184313	0.675672163389056	11.7971550539509	1.02443228604856	1.36752809117066	4.28788837580671	1.74299142507787	0.275933182893016	1.6264683214515	0	2.52385805701852	9.46669298142343	12.8215873399995	15.8107286233039	2.22688598041519	0	0	9.45617353456826	0.340668240463224	16.0704780418044	3.74735064509547	7.58290280613035	5.21926401659809
0.772774749744369	4.0354216512829	5.034769102523	1.22996609383397	2.76337777002829	2.02297054906903	2.8192117571826	13.3799272115426	8.87841314575415	0	11.6854870796423	1.15552077762823	0.105194468551589	4.56382155869973	0	0.393265474739019	1.01957715673079	0	2.86857223857988	9.59939984944235	12.8410078572706	16.1991389687252	5.72986178318312	0	0	8.09107300805648	1.00582095699712	14.4779956255772	3.18577402067391	6.86272529066177	2.62824333735048
1.07702952032435	4.44082494931633	4.66820683903169	0.58261551813188	1.22753852917509	1.95661711505956	3.03526501182317	15.7573222008085	8.88974178082894	0.385173592542743	13.0166017009298	0.975880992870899	1.66530935599362	4.69005492096164	1.664500167774	0.18287653763584	0	0	2.89284788516871	9.35826175999333	13.9924826938007	18.7925872126316	11.6814411385442	0	3.11942058666444	5.70720451303354	2.0221613608494	11.9889326620027	1.98008357342876	5.89089023888901	3.81208570266568
0	5.16181165300453	4.59780746392409	0.919237817496966	1.2251109645162	1.97684682055025	3.29501443032363	16.4305667995386	9.53385560365252	0	13.3839731526407	0.63683112884693	1.53907599373172	4.78149318977956	2.12411907652248	0.178021408318075	1.09078572005802	0	2.76337777002829	9.37930065370364	14.0208042814876	19.7263904180819	1.64831640338144	0	0	9.69812081223692	0.466901602725132	15.0452365675362	3.76029765660951	8.30631707447743	4.92067356355551
0	4.25633003524124	4.68519979164387	1.49052470055406	1.0608457559318	1.56011488744203	3.5725659896559	15.9280609151499	8.78535650049698	0.202297054906903	13.4826941154353	0.755781797132189	1.73894548397974	3.96259471151641	0	0.198251113808765	0.70803969217416	0	2.79979123991154	8.64779450316028	14.2384759125675	19.5006269048058	9.22150895087626	0	2.67193950121037	6.06891164720709	1.50751765316624	11.0009138458374	1.8344296938958	4.90206223450407	3.40749159285187
0	6.46298631016573	3.97958766412859	1.2251109645162	1.4945706416522	1.98736626740541	3.3937353931182	16.5907860670249	8.85494668738495	0.159410079266639	13.6162101716738	0.492795625753215	1.43145396052124	5.40861405999095	2.3328896371864	0.28807100618743	0	0	2.92602460217344	9.38820172411955	14.1081966092074	19.9845214601431	13.5004962562671	0	3.65348481161867	5.34387900242075	2.46397812876608	11.1910730774499	1.22025583519844	5.06389987842959	4.11310372036715
0.240328901229401	5.07199176062587	5.05499880801369	1.81096323552659	0.988828004384941	1.85304102294723	4.12362316722231	16.7542420873897	9.52252696857773	0.115713915406748	13.7392067810572	0.680527292706821	2.07394940690557	4.3137823988348	1.58196296937198	0.330957981827693	0.469329167384015	0	3.06277741129051	9.36878120684848	14.419734073764	20.877865254612	5.06389987842959	0	0	9.77013856378378	1.30036546894157	15.1261553894989	3.97068659371269	8.33625703860365	6.76885945718497
0.240328901229401	5.22573752235511	2.866144673921	0.640067881725441	1.49214307699332	1.92586796271371	2.67922219518702	14.4658578022828	8.84604561696905	0.683764045585332	13.7343516517394	0.585043082790763	1.2631428108387	6.47512413346015	2.89446626160797	0.249229971645304	0.517071272342044	2.01245110221387	2.75528588783202	9.34126880738115	14.3193947345302	17.1450799974698	16.2800577906879	0	3.82907865527786	2.57160016197655	3.76110684482914	6.44680254577318	0.721795891907829	1.08512140252063	3.176872950258
0	5.18932405247187	3.90676072436211	1.47595931260076	1.76403031878819	1.87246154021829	3.33061871198725	15.8414777756498	8.8007310766699	0	12.9761422899484	0.877160030076331	1.06893763812807	4.94333083370508	3.43419480409958	0.181258161196585	0.126233362261907	0.236282960131262	2.83296795691627	8.84928236984756	13.8533023200247	19.172096487637	0	1.05599062661403	0.158600891047012	8.20516854702398	0.203915431346158	13.5660405020569	2.86209873282286	7.06906828666681	4.02409301620811
0.279979123991153	5.44826428275271	4.50879675976505	1.92748633915297	1.05518143839441	1.34325244458184	2.69783352423846	17.0593060461893	8.47058228306184	0.268650488916367	13.1137042872851	0.720986703688202	1.71952496670867	4.83975474159274	2.71239891219175	0.376272522126839	0.839128183753833	0	2.77389721688345	9.34855150135779	13.8346909909733	19.7571395704278	0	0	0	8.23106257005206	0.0031153746455663	14.454529167208	2.46802406986421	5.83829300461322	4.46105465480702
0.466901602725132	5.98799282524432	2.63957197242527	1.0754111438851	2.06181158361115	1.91130257476042	3.04659364689796	14.1389457615533	9.53951992118991	0.330148793608065	13.3329942948042	0.602036035402943	0.780057443721017	6.77937890404013	4.29678944622262	0.391647098299764	1.13933701323568	2.06342996005041	2.8426782155518	9.4189508764654	13.9358395184267	17.1863485966708	16.0097889253323	0	3.76353440948802	8.83148022901575	3.5725659896559	13.3208564715097	3.28206741880959	6.87000798463842	7.3296268933869
0	6.21699309139894	2.32479775499013	1.1458105189927	1.88702692817159	1.81258161196585	3.23918044316933	15.249961187102	9.06695400092739	0	13.6251112420897	0.513834519463533	0.905481617763297	7.23737943634936	1.92020364517632	0.307491523458492	0.186922478733978	2.479352704939	2.79250854593489	9.56217719133948	14.1389457615533	18.4891416302713	17.5480557308444	0.944322652305422	5.06551825486885	3.27397553661332	4.01276438113332	7.82323170735975	0.88767947693149	4.26927704675528	4.02166545154923
0.158600891047012	3.66400425847382	4.80010451883099	1.09564084937579	1.0317149800252	1.65640828557772	2.91631434353791	14.2724618177918	9.20775275114259	0.272696430014505	12.7398593298171	0.826990360459419	1.82633781169952	4.38499096216203	1.3481075738996	0.352806063757639	1.09240409649728	0	2.85886197994435	9.18590466921265	13.5668496902765	17.1887761613297	20.4125820283261	0	5.45716535316861	7.26246427115781	4.16246420176443	10.5356306195515	2.60639525542054	5.26134180401873	4.81952503610205
0.451527026552207	5.78893252321593	4.45215358439112	0.729078585884478	2.6962151477992	2.3474550251397	3.11618383378593	16.7008356648943	9.65523383659666	0.222526760397593	13.350796435636	0.442625956136303	0.364134698832425	5.03962423184076	1.74541898973676	0.301827205921099	0.784912573038783	0.763064491108838	3.06034984663163	9.49177781623188	13.7934223917723	19.8170194986802	10.0120858414524	0	1.41527019612869	10.5558603250422	2.10469855925142	17.4226315568021	3.69879935191781	6.09237810557629	4.94090326904619
0	4.5630123704801	4.85836607064418	1.56658839319906	0.966979922454996	1.61675806281597	3.6866615286234	16.5325245152117	9.53547398009177	0.710467256833043	13.0489692297149	0.959697228478347	1.94124253888664	3.56852004855777	0	0.279979123991153	1.17575048311892	0	2.90741327312201	8.42688611920194	14.0094756464128	20.2191860438351	1.76241194234894	0	0	8.17765614755664	0.373035769248329	14.9311410285687	3.11780221022519	7.67272269850901	4.04755947457731
0	5.72176990098684	4.28950675224597	1.32949624484817	1.07136520278696	1.64427046228331	2.25278000344327	16.3917257649965	9.56136800311986	0	13.9989561995577	0.203915431346158	1.83685725855468	4.51931620662021	0.570477694837466	0.234664583692007	1.54635868770837	0	2.90903164956126	8.80963214708581	14.2020624426842	18.6453149566594	1.15066564831046	2.10793531212993	0	7.78358148459799	1.19921694148812	12.2122686106199	3.92779961807243	6.24450549086628	3.62435403571207
0	5.03395991430337	2.19128169875157	0.614983046916985	2.22364922753668	1.85708696404537	2.96810238959408	15.069512214125	8.5134692587021	0.284025065089292	13.4826941154353	0.58261551813188	0.462046473407366	6.82631182077853	4.5249805241576	0.167501961462916	0.466901602725132	2.7342469941217	2.68650488916367	9.01678433131048	14.0653096335671	18.0376146037191	5.59715491516419	0	1.46058473642784	9.51200752172257	1.10130516691318	13.8622033904406	2.59263905568687	7.81271226050459	5.30099202678048
0.391647098299764	4.39470122079756	4.73375108482153	0.94513184052505	1.14904727187121	1.5269381704373	3.48355528549687	15.7629865183459	8.95124008552064	0.131897679799301	13.5797967017906	0.0451527026552207	1.76322113056857	4.7709737429244	1.59571916910565	0.141607938434832	0	0	2.91145921422015	9.50472482774592	13.6251112420897	19.2473509920624	23.9900031472998	0	6.36750210024967	2.94058999012674	4.59618908748483	9.24821216212397	0.749308291375168	2.79493611059377	4.39389203257793
0	3.83555216103488	4.37528070352649	1.24776823466578	1.20407207080589	1.87893504597531	2.68245894806553	15.8204388819394	8.45358933044965	0.662725151875014	13.024693583126	0.888488665151117	1.8052989179892	4.43758819643782	0	0.330148793608065	0	0	3.00937098879509	8.81205971174469	13.9131822482771	18.502897830005	1.68877581436283	0	0	7.87259218875703	0.394883851178274	14.4755680609183	2.82973120403776	7.64844705192018	3.88086670133403
0	4.23610032975055	4.25552084702161	1.52612898221768	1.63213263898889	1.36671890295104	3.35651273501533	16.7736626046608	8.4139391076879	0.16588358502366	13.2172803793974	0.83346386621644	1.18303317709557	4.48694867783511	1.8813626106342	0.143226314874087	0.0954842099160581	0.019986949024802	2.81516581608446	8.74246952485671	14.0507442456138	20.1301753396761	10.5372489959908	0	2.94382674300525	6.2040460798849	1.87488910487718	12.6767426486862	2.16376929928423	6.29305678404393	4.64474038066249
0	5.35439844927591	4.29840782266187	2.48663539891565	0.966170734235368	1.67906555572729	2.79331773415452	16.886139767189	9.17214846947897	0.410258427351199	13.316001342192	0.644923011043206	2.21393896890114	4.73779702591967	0.531636660295341	0.470138355603642	0.780057443721017	0	3.18010970313651	9.03620484858154	13.9609243532352	19.6794575013435	0	0	0	10.6990866399163	0	16.7024540413335	3.55961897814186	8.91806336851591	5.26781530977575
0.639258693505813	5.12944412421943	4.62612905161105	1.95823549149882	1.16765860092264	1.88945449283047	2.93007054327158	15.2143569054383	9.60830091985826	0.896580547347394	13.468128727482	0.744453162057402	1.96956412657361	4.36557044489096	0	0.334194734706203	1.51237278248401	0	3.13722272749625	8.99089030828239	14.2125818895394	18.1444274487099	0.752545044253679	0	0.0449908650112952	11.14737691359	0.160219267486267	16.5171499390388	3.88086670133403	8.63161073876773	4.86322119996195
1.18869749463296	4.66335170971392	4.26604029387677	1.09645003759541	1.15552077762823	1.76969463632559	4.08073619158204	15.478152265037	8.99817300225904	0.571286883057094	13.5814150782298	0.407021674472688	1.63213263898889	4.99511887976125	3.4172018514874	0.00817280101823887	0.625502493772144	0	2.78765341661712	9.26115917363801	13.9884367527025	19.558888456619	1.7672670716667	0	0.227381889715359	10.7565390035098	0.424823815304496	15.4983819705276	3.8889585835303	10.1747326735976	5.11326035982688
0	5.15291058258863	4.25066571770384	1.04870793263738	1.36510052651178	1.77212220098447	2.96324726027631	15.6683114966494	8.66235989111358	0.235473771911635	13.2213263204955	0.90467242954367	1.54231274661023	5.0258680321071	2.01083272577461	0.242756465888283	0	0	2.90741327312201	9.27653374981094	14.1259987500392	18.6315587569258	9.46345622854492	0	2.36444797775188	4.97246160961167	1.85465939938649	10.7994259791501	1.7907335300359	5.09788578365395	3.56123735458112
0	4.03704002772215	2.43161059998097	1.57629865183459	1.57872621649347	1.8198643059425	2.65332817215894	14.2142002659786	8.8476639934083	0	13.6663798412907	0.469329167384015	0.976690181090527	6.68632225878295	6.78423403335789	0.480657802458801	1.36105458541364	2.17914387545716	2.55622558580362	9.11874204698355	14.1357090086747	16.8675284381376	21.2670847882529	0	6.33513457146457	3.78214573853946	4.44729845507335	9.65766140125554	0.337431487584714	0.726651021225595	3.71417392809074
0.71127644505267	5.6707910431503	5.05257124335481	1.94609766820441	1.83604807033505	1.95904467971845	2.81273825142558	17.5812324478491	9.43432545263832	0.548629612907521	13.3928742230566	0.689428363122725	1.09564084937579	4.13657017873635	1.69039419080208	0.16588358502366	0	0	2.93168891971084	9.18914142209116	14.0823025861793	20.3947798874943	0	0	0	10.1731142971583	0.120569044724514	15.4951452176491	4.07426268582502	6.9808667707274	4.92957463397141
0	4.43192387890043	4.52417133593798	2.08123210088222	2.50686510440634	2.23335948617221	3.09676331651487	18.737562413697	8.95204927374026	1.15390240118897	13.474602233239	0.51140695480465	0.672435410510545	4.48694867783511	0	0.30506395879961	0	0	3.17930051491689	9.01192920199271	13.9868183762633	21.8343257302118	2.73991131165909	0	0.161837643925522	9.09932152971249	0.431297321061517	16.1497784873279	3.01827205921099	9.10093990615175	4.85432012954604
0	4.75883591962998	2.90741327312201	1.2542417404228	1.77697733030223	1.90240150434451	2.66789356011223	14.9076745701995	8.49971305896843	0.74526235027703	13.4826941154353	0.302636394140727	1.02038634495042	6.41281664054882	4.45943627836777	0.097911774574941	0	1.89188205748936	2.79817286347228	9.32022991367083	13.7845213213564	17.5755681303117	15.351918902775	0	4.2377187061898	6.04625437705751	3.58308543651106	12.2082226695218	1.93881497422776	5.25001316894394	5.37220059010771
0	4.73456027304115	4.8179066596628	1.6879666261432	1.22915690561434	1.72276171958718	2.83215876869664	16.3925349532162	9.83972875067176	0.343095805122107	13.4543725277483	0.916810252838084	1.33516056238556	4.43354225533968	3.38321594626304	0.348760122659501	2.90741327312201	0	2.56512665621953	9.25144891500248	14.3711827805864	19.2246937219128	5.40133136601431	0	1.18222398887594	10.9418431058046	1.0462803679785	16.4394678699546	3.37188731118826	8.66802420865097	4.9498043394621
0	4.11310372036715	3.90190559504434	1.975228444111	1.2396763524695	1.47434093616151	3.88086670133403	17.1984864199653	9.33317692518487	0.895771359127766	13.3329942948042	0.721795891907829	1.63051426254964	4.94656758658359	2.20989302780301	0.437770826818538	1.23643959959099	0	2.87019061501914	8.84847318162793	14.054790186712	21.0793531212993	0.0542965295370127	0	0	10.9240409649728	0.0363325510612797	17.2219528783345	3.28125823058996	10.0849127812189	5.41913350684611
0.0906290805982925	5.62709487929041	4.2992170108815	0.971835051772761	1.01229446275414	2.04967376031674	3.16230756230471	15.9134955271966	8.95043089730101	0.653014893239483	13.4228141871828	0.90467242954367	1.53907599373172	5.05338043157443	4.23043601221315	0.110858786088983	0.835891430875322	0	2.55056126826623	9.35259744245593	14.3266774285069	19.0758030895013	9.19399655140892	0	2.62500658447197	5.05176205513518	1.48728794767555	9.70702188265282	1.50023495918959	4.58971558172781	3.5782303071933
0.263795359598601	5.33012280268708	2.48178026959788	0.651396516800227	1.26071524617982	1.52774735865693	2.42594628244358	15.1237278248401	8.96580547347393	0.368180639930563	13.281206248748	0.92813888791287	1.49942577096996	7.59746819408364	3.7246933749459	0.135134432677811	1.04708955619813	2.57564610307469	2.76014101714978	10.0800576519012	14.2101543248805	17.5496741072836	15.2192120347561	0	3.84688079610966	4.63745768668584	3.83636134925451	8.93991145044585	1.73975467219936	6.43385553425914	4.85270175310679
0.551866365786031	5.51623609320143	4.55006535896606	1.34891676211923	1.53664842907283	1.94852523286329	3.37755162872565	17.7891938202934	9.06533562448813	0.696711057099373	13.2132344382993	1.11182461376834	1.44035503093715	4.59942584036334	0	0	0.279169935771526	0.332576358266948	2.97700346000998	9.1494911993294	14.3250590520676	21.1667454490191	6.23074929113261	0	0.874732465417448	8.65912313823507	1.07622033210472	14.6123208700354	2.68650488916367	6.85706097312438	5.1990343111074
0	4.21748900069911	4.84541905913014	1.16604022448339	1.2162098941003	2.06504833648966	2.78684422839749	15.5291311228735	9.05481617763297	1.34972595033886	13.2456019670844	0.747689914935913	1.44925610135305	4.41331254984899	1.57791702827384	0.123805797603025	0	0	2.66627518367298	9.25873160897913	13.9932918820203	18.315975351271	3.56366491924	0	0.698329433538629	9.23688352704918	0.595562529645922	14.7943882194516	2.93735323724823	8.12586810150047	3.96664065261455
0.185304102294723	3.65672156449718	4.98540862112571	1.18141480065631	1.46463067752598	1.71062389629277	3.60655189488026	16.0219267486267	8.82096078216059	0.643304634603951	13.4802665507764	0.731506150543361	1.50670846494661	3.82179596130121	0.940276711207284	0.164265208584405	0.357661193075404	0	2.97133914247259	8.80639539420729	14.2117727013197	19.6292878317266	0	0	0	8.96985141457207	0.0304254770579982	12.9170715499156	3.42367535724442	5.71691477166907	3.13236759817848
0	4.59780746392409	4.83732717693386	0.400548168715668	1.01714959207191	1.44116421915678	3.07815198746343	15.5477424519249	8.87274882821676	0.38274602788386	13.2698776136732	0.664343528314269	1.71709740204979	4.09772914419422	2.0221613608494	0.169120337902171	1.48566957123629	0	2.7342469941217	8.93505632112809	13.9342211419875	18.6258944393884	4.08478213268018	0	0	9.3339861134045	1.1401462014553	15.5016187234062	4.32592022212921	8.1881755944118	4.79201263663472
0	5.40537730711244	3.09433575185599	1.45006528957268	1.89107286926973	1.72518928424607	2.49553646933155	15.7233362955841	8.82500672325873	0.417541121327847	13.2957716367013	0.797050396333197	0.994492321922334	5.95724367289848	1.30279303360045	0.118141480065631	0.87392327719782	1.8522318347276	2.88556519119206	9.05157942475446	14.0928220330345	18.2188727649157	0	0	0	11.264709205436	0.43696163859891	16.3010966843982	5.42965295370127	10.1731142971583	6.29872110158133
0.3252936642903	5.152101394369	4.87697739969561	0.714513197931181	1.55121381702613	1.80448972976957	2.9130775906594	16.0348737601407	8.90187960412335	0.913573499959573	12.9284001849903	0.778439067281762	1.19031587107222	4.35262343337692	1.8344296938958	0.227381889715359	0.475802673141035	0	2.74152968809835	9.22879164485291	13.7076484404917	18.9479513508001	2.31589668457422	0	0.264604547818229	9.44322652305423	0.669198657632035	14.2692250649133	3.63891942366537	7.41863759754594	4.67548953300834
0.0165074396804033	4.85270175310679	4.75721754319073	1.19193424751147	0.803523902090218	1.88621773995196	3.54829034306708	15.0241976738259	9.37525471260551	0	13.2099976854208	0.80271471387059	1.96228143259696	4.25633003524124	1.32949624484817	0.0174784655439564	0.500078319729864	0	2.76580533468718	9.01273839021233	14.0127123992913	18.5732972051126	13.3532240002948	0	3.59846001268399	3.88572183065179	2.13868446447578	8.48029254169737	1.13367269569828	4.21587062425986	3.757060903731
0	3.8274602788386	4.26199435277863	1.52289222933916	0.944322652305422	1.76160275412931	2.41623602380805	15.3033676095974	9.15110957576866	0.525972342757947	13.4357611986969	0.740407220959264	1.95904467971845	4.74507971989631	1.18626992997408	0.286452629748174	0.716131574370436	0	2.90336733202387	9.00707407267494	14.1761684196561	17.7204128216251	9.0790918242218	0	2.70835297109362	7.35066578709722	1.43549990161938	12.9623860902147	2.10146180637291	5.00240157373789	5.00240157373789
0.431297321061517	4.86969470571896	4.72404082618599	1.06812844990845	1.42012532544646	1.78506921249851	3.28773173634698	16.9314543074881	9.8470114446484	0.625502493772144	13.163873956902	0.640877069945068	1.39261292597912	4.98621780934534	2.9219786610753	0.208770560663924	1.40394156105391	0	2.81273825142558	9.71025863553134	13.8047510268471	20.2191860438351	1.22349258807695	0	0.107622033210472	13.4632735981642	0.351187687318383	16.4791180927163	5.05418961979406	9.41409574714763	6.3359437596842
0.244374842327539	4.53469078279313	4.58809720528856	1.59652835732528	1.13771863679642	2.33531720184529	2.86128954460323	14.7684941964235	8.57415837517417	0.218480819299455	12.5035763696858	1.11101542554871	1.67663799106841	4.57515019377452	0.627930058431026	0.403784921594178	0	0	2.81435662786483	9.16324739906307	13.6145917952346	17.6297837410268	21.7501701553706	0	4.29355269334411	6.49859059182935	3.86791968981998	14.1607938434832	2.67517625408888	6.39501449971701	6.69603251741849
0	3.27802147771145	3.77809979744132	0.783294196599528	1.25343255220317	1.61918562747485	2.45264949369129	17.0536417286519	8.18574802975292	0.655442457898365	12.2988517501201	0.797050396333197	0.979926933969037	4.97893511536869	1.57872621649347	0.138371185556322	0.119759856504886	1.24129472890876	2.23335948617221	8.75703491281001	13.0959021464533	19.5054820341236	15.9466722442013	0	0	9.96434373649441	1.81258161196585	18.1031588495089	3.24565394892635	8.18655721797255	8.32088246243073
1.13771863679642	4.64312200422323	4.92229193999476	0.968598298894251	1.11748893130573	1.69605850833947	2.54004182141107	13.3783088351033	8.98927193184313	0	12.3862440778398	0.996919886581217	1.47353174794188	5.07199176062587	0.0987209627945686	0.165074396804033	1.07864789676361	0	2.59102067924761	9.993474512401	13.3831639644211	15.9183506565144	25.4489695072884	0	7.30777881145696	3.09838169295412	4.20939711850283	8.54421841104795	0.990446380824196	0	2.80383718100967
0.402975733374551	3.59279569514659	5.15776571190639	1.22430177629658	0.157791702827384	1.86113290514351	2.9980423537203	13.8168888501415	8.25614740486052	0.721795891907829	12.5456541571065	1.16199428338525	2.4000522594155	4.32106509281144	1.07460195566547	0.36251632239317	0	0	2.55784396224288	9.47802161649821	13.7076484404917	16.8149312038618	18.2512402937008	0	4.25390247058235	5.08817552501842	2.748812382075	10.9709738817112	1.65640828557772	4.19645010698879	3.71983824562813
0	5.27590719197203	2.60073093788314	0.970216675333506	1.07379276744584	1.53988518195134	2.22526760397593	14.4464372850117	8.2966068158419	1.08350302608137	12.7859830583359	0.877160030076331	1.37481078514731	7.68324214536417	3.94074662958647	0.356852004855777	0.390837910080136	2.11845475898509	2.44860355259315	10.2839730832473	13.6631430884122	16.6717048889877	18.4211698198226	0	3.40991915751075	4.7475072845552	4.29112512868522	11.1392850313937	1.8344296938958	4.69086410918126	4.72485001440562
0	4.01357356935295	5.66917266671105	0.501696696169119	0	1.66611854421325	3.12022977488407	13.4826941154353	9.5977814730031	0.406212486253061	12.3061344440967	0.91114593530069	2.63714440776639	4.23852789440943	2.06585752470929	0.405403298033433	1.23158447027322	0	2.63714440776639	9.90770056112047	13.2164711911778	16.6029238903193	17.555338424821	0	4.28950675224597	3.68180639930563	3.21814154945901	8.5838686338097	1.05679981483366	3.3557035467957	5.19175161713075
0	4.99835563263976	2.41623602380805	1.62484994501224	2.24630649768625	1.79477947113404	3.63730104722611	15.6327072149858	7.19611083714835	0	12.0674239193066	1.03009660358595	0	7.36846792792903	2.7196816061684	0.229809454374242	0	3.63568267078686	2.24630649768625	9.78470395173708	13.0967113346729	19.2700082622119	10.7921432851735	0	2.34907340157896	8.46006283620668	2.17186118148051	13.9884367527025	3.18901077355242	7.5610547242004	6.54147756746961
0.184494914075095	5.06389987842959	2.97781264822961	0.604463600061826	1.73328116644234	1.73409035466197	3.27802147771145	14.6034197996195	9.25468566788099	0.754972608912561	12.8264424693173	0.391647098299764	0.766301243987348	7.18720976673244	2.57807366773357	0.451527026552207	0	2.36606635419114	2.49958241042969	10.1650224149621	13.218089567617	17.881441277331	16.4095279058283	0	4.12847829654007	4.3696163859891	2.85562522706584	10.7411644273369	1.5560689463439	4.82357097720019	3.68423396396451
0.132706868018928	3.71336473987111	5.26134180401873	1.59005485156826	0.829417925118302	1.92586796271371	2.17428874613939	14.8340384422134	7.69699834509784	1.12719918994126	13.5199167735381	0	1.75108330727415	4.39227365613867	1.84980427006872	0.444244332575559	0.567240941958955	0	2.58050123239245	9.65280627193778	13.5199167735381	17.0083271883528	7.2648918358167	0	1.88783611639122	6.74377462237651	1.23320284671248	13.4616552217249	2.08851479485887	7.4906553490928	5.77113038238412
0.383555216103488	4.41978605560601	5.87956160381422	0.973453428212017	0.0547011236468265	1.16199428338525	3.10728276337003	14.2328115950301	9.40924061782986	0.534064224954224	12.4267034888212	1.29874709250232	2.46883325808384	4.07264430938577	0.380318463224977	0.19663273736951	0.794622831674314	0	2.52385805701852	9.95220591319999	13.7254505813235	17.3392851701805	16.1829552043326	0	3.94883851178274	6.71302547003066	3.38159756982379	11.5301229414738	2.05210132497562	6.09966079955294	5.69102074864099
0.704802939295649	5.17475866451858	4.84703743556939	0.702375374636767	0.94189508764654	1.95499873862031	3.08705305787934	14.965126933793	8.54421841104795	0	12.5262336398354	0.882015159394096	1.63941533296554	4.67063440369057	0	0.220908383958338	0.458809720528856	0	2.58211960883171	9.51767183925997	13.4082487992295	18.0521799916724	14.0240410343661	0.0946750216964305	3.13074922173923	7.30858799967659	2.11926394720471	13.1217961694813	2.285956720448	2.75447669961239	4.14466206093263
0.937849146548402	3.92537205341354	5.23140183989251	1.00663014521675	1.09645003759541	1.93234146847074	2.64847304284117	14.4237800148622	8.58225025737045	0	13.2391284613274	0.258940230280836	1.5091360296055	4.93766651616768	0.255703477402325	0.211198125322807	1.02766903892707	0	2.60558606720091	10.1690683560602	13.4972595033886	17.073062245923	18.5101805239816	0	3.58389462473069	4.63422093380733	4.62855661626994	10.3114854827147	1.30602978647897	4.16570095464294	5.61900299709413
1.25181417576391	3.93912825314721	5.0671366313081	2.08204128910184	2.14353959379354	1.53583924085321	3.95612120575939	15.5873926746867	9.26034998541838	0.895771359127766	13.2609765432573	0.381127651444605	0.498459943290609	4.7329418966019	0.666771092973152	0.401357356935295	0.689428363122725	0	2.64199953708415	9.80088771612963	13.6421041947019	19.5427046922264	7.54972608912561	0	1.23158447027322	8.37914401424392	1.23320284671248	14.7466461144936	2.91793271997717	7.91386078795804	4.59537989926521
0.378700086785722	4.87535902325636	4.30649970485815	1.42902639586236	1.50428090028773	1.78911515359665	3.58551300116995	15.110780813326	8.80801377064655	0.540537730711244	12.5043855579055	1.2073088236844	1.07783870854398	5.36249033147218	1.38209347912396	0.271887241794877	0.141607938434832	0.834273054436067	2.58211960883171	9.66899003633033	13.7116943815899	18.696293814496	20.9515013825981	0	4.70542949713456	5.63518676148669	3.62192647105319	11.12552883166	1.80934485908734	3.8978596539462	4.01033681647444
0	5.1140695480465	2.57969204417283	1.08916734361876	2.64199953708415	2.10308018281216	3.41072834573038	15.8722269279956	9.10822260012839	0.807569843188356	12.7787003643592	0.105194468551589	0	7.69537996865858	1.40232318461465	0.414304368449337	0	2.71482647685064	2.64199953708415	10.2750720128314	12.8847040211305	19.282955273726	19.6406164668014	0	4.26361272921788	7.09010718037713	4.09611076775497	14.3728011570256	2.65980167791596	4.64312200422323	8.79830351201102
0	3.9593579586379	4.78553913087769	0.949177781623188	1.46867661862411	1.77697733030223	3.82826946705823	14.013521587511	8.06922492612654	0.496032378631726	11.8465155353482	1.71547902561054	1.11910730774499	4.91258168135923	1.01634040385228	0.255703477402325	0	0	2.5877839263691	9.69812081223692	13.5611853727391	17.8417910545692	23.0691469533636	0	4.64150362778398	3.72793012782441	3.59117731870734	9.1875230456519	1.25747849330131	0.37950927500535	3.88410345421253
0	5.2516315453832	5.21926401659809	1.11263380198797	2.03429918414381	2.18399900477492	3.44714181561362	15.0832684138587	8.07003411434617	0.398120604056785	11.9347170512876	1.59652835732528	0.52516315453832	4.56705831157824	2.84025065089292	0.339859052243597	0.163456020364778	0	2.55946233868214	9.7855131399567	13.5312454086129	18.5304102294723	12.3732970663258	0	2.07394940690557	7.44291324413477	2.2244584157563	12.6476118727796	2.60315850254203	7.56752822995742	4.88345090545263
0.106003656771217	3.75301496263286	5.13915438285496	0.767919620426603	0.470138355603642	1.11991649596461	3.40506402819299	14.9829290746249	9.01435676665159	0.882015159394096	12.6605588842936	1.05275387373552	2.1451579702328	4.58566964062967	0.919237817496966	0.378700086785722	0.526781530977575	0	2.61448713761681	9.72563321170426	13.7133127580291	18.3879931028178	11.2509530057023	0	0.925711323253988	7.77063447308395	1.84656751719021	12.3724878781062	2.54732451538772	4.98540862112571	5.08898471323805
1.35215351499774	4.06212486253061	5.86175946298242	0.94189508764654	1.84413995253133	1.52046466468028	3.55152709594559	14.6082749289373	9.34045961916152	0.110858786088983	12.3352652200033	0.925711323253988	0.729078585884478	4.03461246306327	0.985591251506431	0.4337248857204	1.44844691313342	0	2.57240935019618	9.89637192604569	13.2609765432573	18.1598020248829	17.2785960537084	0	4.60185340502223	8.51994276445912	3.09676331651487	15.2329682344898	2.78765341661712	8.92858281537107	6.08266784694076
0.0717749950809691	5.8965545564264	3.45604288602953	0.826181172239791	1.36671890295104	1.43630908983901	3.11132870446817	15.9701387025705	9.48287674581598	0.233046207252752	12.0431482727177	1.49295226521294	1.24129472890876	7.2972593646018	3.25050907824412	0.418350309547475	1.97280087945212	2.36930310706965	2.60801363185979	10.7533022506313	13.5361005379307	19.0806582188191	13.3459413063182	0	2.22122166287779	8.03200226802367	2.47126082274273	14.676246739386	3.05306715265498	8.68016203194539	5.34630656707963
0	4.73375108482153	5.37300977832734	0.860976265683779	1.42093451366609	2.11279044144769	2.78279828729936	14.5330204245119	8.43578718961785	0.318820158533279	12.5505092864243	1.10130516691318	1.19517100038998	4.43516063177894	0	0.268650488916367	1.02038634495042	0	2.61610551405607	9.80817041010628	13.6518144533374	17.3158187118113	24.6915693337169	0	7.15241467328846	4.31540077527405	3.87115644269849	9.95463347785888	1.20973638834328	0	4.44972601973224
1.47838687725965	4.51769783018095	5.18851486425224	1.14904727187121	1.70657795519463	1.95418955040068	3.33709221774427	15.3535372792143	9.53385560365252	0	12.5027671814662	0.536491789613106	1.05356306195515	4.86079363530306	0.126233362261907	0.293735323724823	1.03980686222148	0	2.76014101714978	10.0493084995553	13.0392589710793	18.6898203087389	17.1030022100492	0	3.43338561587996	5.73876285359902	3.21975992589827	11.5042289184458	2.03996350168121	6.00741334251539	5.08251120748103
0	4.55492048828383	5.49115125839297	1.02847822714669	1.50023495918959	1.68311149682543	3.28449498346847	15.5712089102941	7.88230244739256	0	13.411485552108	0.135943620897439	1.06731926168882	4.75155322565333	2.80707393388818	0.238710524790145	0.152127385289991	0	2.56755422087841	10.2427044840463	13.5474291730055	18.8557038937626	21.3204912107483	0	4.22396250645613	4.0208562633296	4.02813895730625	10.5663797718973	1.65559909735809	4.90125304628444	3.79752031471238
0.191777608051744	4.21020630672246	4.71271219111121	0.931375640791381	1.56739758141868	1.68311149682543	3.60250595378213	15.4482123009107	9.48530431047486	0	12.3409295375407	0.992873945483079	0.957269663819464	5.13510844175682	2.87585493255653	0.233046207252752	0	0.380318463224977	2.52466724523815	9.84782063286803	13.3329942948042	19.0507182546929	17.6087448473165	0	2.87585493255653	7.77387122596246	2.93249810793046	15.5703997220745	3.13722272749625	6.53176730883408	4.40279310299383
0	4.17945715437661	5.56721495103797	1.53988518195134	1.51884628824103	1.75351087193303	2.42837384710246	15.5647354045371	8.59357889244523	0.623074929113261	12.2672934095546	1.28175413989014	1.16037590694599	4.32672941034884	0.715322386150809	0.131088491579673	0.306682335238865	0	2.67841300696739	9.89394436138681	13.5490475494447	17.9931092516396	15.1560953536252	0	2.73181942946282	8.54988272858534	2.59587580856538	14.0038113288754	3.12751246886072	7.09981743901266	5.26943368621501
